,Cash,Gov Bonds,IG Credit,HY Credit,Equities US,Equities Intl,Real Estate,Infrastructure
Cash,-56.0000113276,16.0000000095,16.0000000123,16.0000000419,16.0000000626,16.0000000635,16.0000000475,16.0000000431
Gov Bonds,0,-55.9991107244,16.0000000626,16.0000000933,16.000000194,16.000000236,16.000000128,16.0000001312
IG Credit,0,0,-55.9972593603,16.0000002005,16.0000002477,16.0000003669,16.000000207,16.0000001376
HY Credit,0,0,0,-55.9883602521,16.0000005031,16.0000005063,16.0000003976,16.0000003154
Equities US,0,0,0,0,-55.9375769907,16.0000007976,16.0000005255,16.0000004934
Equities Intl,0,0,0,0,0,-55.9376098325,16.0000010277,16.0000004389
Real Estate,0,0,0,0,0,0,-55.9556865152,16.0000007624
Infrastructure,0,0,0,0,0,0,0,-55.9647127326
