{
  "version": "liquidity",
  "sector_names": [
    "Cash",
    "Gov Bonds",
    "IG Credit",
    "HY Credit",
    "Equities US",
    "Equities Intl",
    "Real Estate",
    "Infrastructure"
  ],
  "sector_to_asset_ids": {
    "Cash": [
      "A007",
      "A039",
      "A048"
    ],
    "Gov Bonds": [
      "A014",
      "A017",
      "A018",
      "A031",
      "A042"
    ],
    "IG Credit": [
      "A002",
      "A003",
      "A010",
      "A011",
      "A015",
      "A026",
      "A027",
      "A028",
      "A029",
      "A036",
      "A043",
      "A046"
    ],
    "HY Credit": [
      "A006",
      "A009",
      "A013",
      "A032",
      "A033",
      "A034",
      "A035",
      "A037",
      "A044",
      "A047"
    ],
    "Equities US": [
      "A004",
      "A019",
      "A020",
      "A021",
      "A024",
      "A030",
      "A040",
      "A041",
      "A049",
      "A050"
    ],
    "Equities Intl": [
      "A001",
      "A005",
      "A008",
      "A012",
      "A016",
      "A023",
      "A025"
    ],
    "Real Estate": [
      "A022",
      "A045"
    ],
    "Infrastructure": [
      "A038"
    ]
  },
  "hyperparameters": {
    "budget": 4,
    "risk_aversion": 0.5,
    "penalty_lambda": 8.0,
    "capital_penalty": 0.25,
    "illiquidity_penalty": 0.25
  },
  "scale_alpha": 56.00001652152805,
  "h": [
    -1.5401100394468736e-05,
    1.4369875782349606e-07,
    -0.00019010018305798404,
    -0.0004173250071890233,
    -6.907963289656815e-05,
    -9.20406210547231e-05,
    -0.00044116184646875167,
    -0.0005576993123878327
  ],
  "offset": -1.9982167818910495,
  "included_capital_penalty": false,
  "included_liquidity_penalty": true,
  "mu": [
    4.538139938444469e-05,
    6.657322150467872e-05,
    -9.194340708978075e-05,
    0.0005470155114484036,
    0.00031782272123474195,
    0.0004512241076097138,
    0.0002894115212852397,
    0.0001617863011794261
  ],
  "sigma": [
    [
      5.69356889061914e-07,
      1.5237303922372662e-07,
      1.9662858597811504e-07,
      6.709242188086326e-07,
      1.0009475983358861e-06,
      1.0158684635319324e-06,
      7.607711798288796e-07,
      6.88868088482097e-07
    ],
    [
      1.5237303922372662e-07,
      3.896874260658921e-06,
      1.0020780939243577e-06,
      1.4927792575868322e-06,
      3.103532447026439e-06,
      3.7752685810241188e-06,
      2.0472603842934374e-06,
      2.0991060511440324e-06
    ],
    [
      1.9662858597811504e-07,
      1.0020780939243577e-06,
      8.401544258478553e-06,
      3.2082765662597704e-06,
      3.962640361469803e-06,
      5.8696274763133715e-06,
      3.3120145698993766e-06,
      2.2014652222857896e-06
    ],
    [
      6.709242188086326e-07,
      1.4927792575868322e-06,
      3.2082765662597704e-06,
      3.646120471523651e-05,
      8.049212374868653e-06,
      8.100481037597619e-06,
      6.362279623182025e-06,
      5.045969512278646e-06
    ],
    [
      1.0009475983358861e-06,
      3.103532447026439e-06,
      3.962640361469803e-06,
      8.049212374868653e-06,
      7.888032512671647e-05,
      1.2761202641995415e-05,
      8.407441016552824e-06,
      7.893812663074708e-06
    ],
    [
      1.0158684635319324e-06,
      3.7752685810241188e-06,
      5.8696274763133715e-06,
      8.100481037597619e-06,
      1.2761202641995415e-05,
      9.515371806541585e-05,
      1.6443730575599656e-05,
      7.022812672466485e-06
    ],
    [
      7.607711798288796e-07,
      2.0472603842934374e-06,
      3.3120145698993766e-06,
      6.362279623182025e-06,
      8.407441016552824e-06,
      1.6443730575599656e-05,
      5.695158848253298e-05,
      1.2197969906439663e-05
    ],
    [
      6.88868088482097e-07,
      2.0991060511440324e-06,
      2.2014652222857896e-06,
      5.045969512278646e-06,
      7.893812663074708e-06,
      7.022812672466485e-06,
      1.2197969906439663e-05,
      5.206570205823177e-05
    ]
  ],
  "capital": [
    0.005,
    0.01,
    0.019999999999999997,
    0.07000000000000002,
    0.35,
    0.35000000000000003,
    0.25,
    0.2
  ],
  "liquidity": [
    4.333333333333333,
    4.4,
    3.5833333333333335,
    2.6,
    4.1,
    4.0,
    2.5,
    2.0
  ],
  "normalized_capital": [
    0.0,
    0.014492753623188404,
    0.0434782608695652,
    0.1884057971014493,
    0.9999999999999999,
    1.0,
    0.7101449275362318,
    0.5652173913043478
  ],
  "normalized_illiquidity": [
    0.027777777777778012,
    0.0,
    0.3402777777777778,
    0.75,
    0.12500000000000022,
    0.16666666666666674,
    0.7916666666666667,
    1.0
  ],
  "validation_summary": {
    "scenario_vs_asset_return_rmse": null,
    "scenario_vs_covariance_frobenius": 0.03994824008357446
  }
}