,Cash,Gov Bonds,IG Credit,HY Credit,Equities US,Equities Intl,Real Estate,Infrastructure
Cash,-0.999968905276,0.285714201591,0.28571420164,0.28571420217,0.285714202538,0.285714202555,0.28571420227,0.28571420219
Gov Bonds,0,-1,0.285714202539,0.285714203087,0.285714204885,0.285714205634,0.285714203706,0.285714203764
IG Credit,0,0,-0.999619515629,0.285714205001,0.285714205843,0.285714207972,0.285714205117,0.285714203878
HY Credit,0,0,0,-0.999165073334,0.285714210404,0.285714210462,0.285714208522,0.285714207052
Equities US,0,0,0,0,-0.999861570918,0.285714215663,0.285714210804,0.285714210231
Equities Intl,0,0,0,0,0,-0.999815654417,0.285714219773,0.285714209259
Real Estate,0,0,0,0,0,0,-0.99911740892,0.285714215035
Infrastructure,0,0,0,0,0,0,0,-0.998884327079
